personId,userName
6023707,porzingis
4751346,erdem
427292,josh-kahane
5562199,unconditionalcoder
5322689,erich-mosier
6026884,h-2o
1845672,roland
6026643,mic
6026431,olavh
5522649,madapps88
2877278,polleyg
1500360,sjhcockrell
151471,andyvn22
1041489,roman-temchenko
5998892,nearchos
1722132,ramaprasad-upadhyaya
2173516,no%c3%abl-widmer
6012733,latenate
1529267,dude
5331067,mark-smith
3547347,douglasg14b
1547174,user1547174
3305603,user3305603
977711,mustapha-george
1055954,steve-c
5071577,sjgandhi2312
1650180,nickdnk
2565340,brucelet
2176246,vid
848978,tomer
5548571,reddevil54
4263980,manshu
4532996,tac
2625772,mayooran
3991301,speedracer2003
5072002,malainine
5666703,lazar
4038574,glenn-farrell
499448,boardy
6026517,adrian
5486752,david-dietrich
5874702,roka545
5540789,trent
1292951,joaquinzrr
476410,tarabyte
4050510,ludvigh
508462,jnk
1458849,ilea-cristian
4642793,preyansh-shah
202431,darren
